{"cameraMode":{"drawMode":0,"name":"Shaded","section":"Shading Mode"},"sceneLighting":true,"audioPlay":false,"sceneViewState":{"showFog":true,"showMaterialUpdate":true,"showSkybox":true,"showFlares":true,"showImageEffects":true,"showParticleSystems":true},"in2DMode":false,"pivot":{"x":329.1419982910156,"y":454.9749450683594,"z":-109.22126770019531},"rotation":{"x":-0.017689036205410959,"y":-0.009003639221191407,"z":-0.00016429634706582874,"w":0.9998118877410889},"size":301.0921325683594,"orthographic":false}