{"cameraMode":{"drawMode":0,"name":"Shaded","section":"Shading Mode"},"sceneLighting":true,"audioPlay":false,"sceneViewState":{"showFog":true,"showMaterialUpdate":true,"showSkybox":true,"showFlares":true,"showImageEffects":true,"showParticleSystems":true},"in2DMode":false,"pivot":{"x":-114.51470947265625,"y":131.22666931152345,"z":17.649803161621095},"rotation":{"x":0.06626158952713013,"y":0.0014917771331965924,"z":-0.00010016347368946299,"w":0.9978100061416626},"size":256.8207092285156,"orthographic":false}