{"cameraMode":{"drawMode":0,"name":"Shaded","section":"Shading Mode"},"sceneLighting":true,"audioPlay":false,"sceneViewState":{"showFog":true,"showMaterialUpdate":true,"showSkybox":true,"showFlares":true,"showImageEffects":true,"showParticleSystems":true},"in2DMode":false,"pivot":{"x":367.1436462402344,"y":420.8982849121094,"z":-15.594451904296875},"rotation":{"x":-0.017689036205410959,"y":-0.009003639221191407,"z":-0.00016429634706582874,"w":0.9998118877410889},"size":390.89031982421877,"orthographic":false}