{"cameraMode":{"drawMode":0,"name":"Shaded","section":"Shading Mode"},"sceneLighting":true,"audioPlay":false,"sceneViewState":{"showFog":true,"showMaterialUpdate":true,"showSkybox":true,"showFlares":true,"showImageEffects":true,"showParticleSystems":true},"in2DMode":false,"pivot":{"x":277.1192626953125,"y":84.85535430908203,"z":-16.093358993530275},"rotation":{"x":-0.017689036205410959,"y":-0.009003639221191407,"z":-0.00016429634706582874,"w":0.9998118877410889},"size":102.83001708984375,"orthographic":false}