{"cameraMode":{"drawMode":0,"name":"Shaded","section":"Shading Mode"},"sceneLighting":true,"audioPlay":false,"sceneViewState":{"showFog":true,"showMaterialUpdate":true,"showSkybox":true,"showFlares":true,"showImageEffects":true,"showParticleSystems":true},"in2DMode":false,"pivot":{"x":255.01577758789063,"y":530.818603515625,"z":-20.19961929321289},"rotation":{"x":-0.017689036205410959,"y":-0.009003639221191407,"z":-0.00016429634706582874,"w":0.9998118877410889},"size":521.9719848632813,"orthographic":false}