{"cameraMode":{"drawMode":0,"name":"Shaded","section":"Shading Mode"},"sceneLighting":true,"audioPlay":false,"sceneViewState":{"showFog":true,"showMaterialUpdate":true,"showSkybox":true,"showFlares":true,"showImageEffects":true,"showParticleSystems":true},"in2DMode":false,"pivot":{"x":305.60064697265627,"y":192.19534301757813,"z":-20.77476692199707},"rotation":{"x":0.010808956809341908,"y":-0.009004761464893818,"z":0.00009146087541012093,"w":0.9999097585678101},"size":171.91566467285157,"orthographic":false}