{"cameraMode":{"drawMode":0,"name":"Shaded","section":"Shading Mode"},"sceneLighting":true,"audioPlay":false,"sceneViewState":{"showFog":true,"showMaterialUpdate":true,"showSkybox":true,"showFlares":true,"showImageEffects":true,"showParticleSystems":true},"in2DMode":false,"pivot":{"x":115.54197692871094,"y":149.0810546875,"z":19.342071533203126},"rotation":{"x":0.06626158952713013,"y":0.0014917771331965924,"z":-0.00010016347368946299,"w":0.9978100061416626},"size":256.8207092285156,"orthographic":false}