{"cameraMode":{"drawMode":0,"name":"Shaded","section":"Shading Mode"},"sceneLighting":true,"audioPlay":false,"sceneViewState":{"showFog":true,"showMaterialUpdate":true,"showSkybox":true,"showFlares":true,"showImageEffects":true,"showParticleSystems":true},"in2DMode":false,"pivot":{"x":77.44525146484375,"y":175.68833923339845,"z":-0.2856805920600891},"rotation":{"x":0.010808956809341908,"y":-0.009004761464893818,"z":0.00009146087541012093,"w":0.9999097585678101},"size":149.41845703125,"orthographic":false}